Product,Name,ProductISIN,ProductLine,ProductType
OKS2,DAILY FUT. ON KOSPI 200 OPTION,DE000A1A4Q13,OPTION,KOSPI-OPTIONS
FMK2,FUT ON MINI KOSPI 200 INDEX,DE000A2BMKU4,FUTURE,KOSPI-FUTURES
FBK2,FUT ON KOSPI 200 INDEX,DE000A3CPLJ4,FUTURE,KOSPI-FUTURES
OMEV,OPT ON MSCI EUROPE VALUE,DE000A1YDP03,OPTION,INDEX OPTIONS
FMCL,FUT ON MSCI CHILE (NTR,DE000A1XQ6U2,FUTURE,INDEX FUTURES
FMCZ,FUT ON MSCI CZECH REP. (NTR),DE000A1XQ6X6,FUTURE,INDEX FUTURES
OMFA,"OPT ON MSCI EAFE (NTR,USD)",DE000A2DB9G5,OPTION,INDEX OPTIONS
FMUS,FUT ON MSCI USA (USD / NTR),DE000A13RD68,FUTURE,INDEX FUTURES
OMEP,"OPT ON MSCI EUR. (PRICE, EUR)",DE000A11Q372,OPTION,INDEX OPTIONS
OMEL,OPT ON MSCI EM LATIN AM. (NTR),DE000A1XQ7D6,OPTION,INDEX OPTIONS
FMNA,FUT ON MSCI N. AMER. (USD/NTR),DE000A2BNLL9,FUTURE,INDEX FUTURES
FMWO,"FUT ON MSCI WORLD (NTR,USD)",DE000A1RRXJ7,FUTURE,INDEX FUTURES
OMWO,"OPT ON MSCI WORLD (NTR,USD)",DE000A1RRXK5,OPTION,INDEX OPTIONS
FMAU,FUT ON MSCI AUSTRALIA (USD/NR),DE000A13RD92,FUTURE,INDEX FUTURES
DBXW,OPT ON XTRACKERS MSCI WORLD,LU0274208692,OPTION,EXTF-OPTIONS
FMES,FUT ON MSCI EUROPE SMALL CAP,DE000A2GG9C6,FUTURE,INDEX FUTURES
OMEM,"OPT ON MSCI EM. MARK.(NTR,USD)",DE000A1XQ7A2,OPTION,INDEX OPTIONS
FMTH,FUT ON MSCI THAILAND (NTR),DE000A1XQ691,FUTURE,INDEX FUTURES
FMPH,FUT ON MSCI PHILIPPINES (NTR),DE000A1XQ659,FUTURE,INDEX FUTURES
FMZA,FUT ON MSCI SOUTH AFRICA (NTR),DE000A1XQ683,FUTURE,INDEX FUTURES
FMXJ,"FUT ON MSCI AC ASIA X JP (U,N)",DE000A2DB6Q0,FUTURE,INDEX FUTURES
FMAP,"FUT ON MSCI ASIA PAC (USD,NTR)",DE000A164H84,FUTURE,INDEX FUTURES
FMKN,FUT ON MSCI KOKUSAI (USD/ NTR),DE000A13RDZ3,FUTURE,INDEX FUTURES
4BRZ,OPT ON ISHARES MSCI BRAZIL DE,DE000A0Q4R85,OPTION,EXTF-OPTIONS
FMWR,FUT ON MSCI World Energy,DE000A2RPK69,FUTURE,INDEX FUTURES
FMSD,FUT ON MSCI SWEDEN,DE000A2GG9D4,FUTURE,INDEX FUTURES
OMAC,OPT ON MSCI ACWI (USD / NTR),DE000A2GG9A0,OPTION,INDEX OPTIONS
OMRU,OPT ON MSCI RUSSIA (PRICE),DE000A1KQVQ3,OPTION,INDEX OPTIONS
FMWF,FUT ON MSCI World Financials,DE000A2RPLC9,FUTURE,INDEX FUTURES
FMEP,"FUT ON MSCI EUR. (PRICE, EUR)",DE000A11Q323,FUTURE,INDEX FUTURES
FMRS,FUT ON MSCI RUSSIA (NTR),DE000A1XQ675,FUTURE,INDEX FUTURES
FMKW,FUT ON MSCI KUWAIT,DE000A2GG877,FUTURE,INDEX FUTURES
FMMS,FUT ON MSCI EM Cons. Staples,DE000A2RPLM8,FUTURE,INDEX FUTURES
FMMW,FUT ON MSCI EM Real Estate,DE000A2RPLT3,FUTURE,INDEX FUTURES
FMMX,FUT ON MSCI MEXICO (NTR),DE000A1XQ626,FUTURE,INDEX FUTURES
FMUE,FUT ON MSCI USA EW (USD / NTR),DE000A164H92,FUTURE,INDEX FUTURES
FMIN,FUT ON MSCI INDIA (NTR),DE000A1XQ600,FUTURE,INDEX FUTURES
FMXK,"FUT ON MSCI EM ASIA X KR (N,U)",DE000A2G94A6,FUTURE,INDEX FUTURES
OMAW,OPT ON MSCI ACWI (USD / PRICE),DE000A2GG893,OPTION,INDEX OPTIONS
FMGA,FUT ON MSCI N. AMER. (USD/GTR),DE000A2BNLA2,FUTURE,INDEX FUTURES
FMHK,FUT ON MSCI HONG KONG (USD/NR),DE000A13RD84,FUTURE,INDEX FUTURES
DBX1,OPT ON XTRACKERS MSCI EM,LU0292107645,OPTION,EXTF-OPTIONS
OMWP,"OPT ON MSCI WORLD (PRICE, USD)",DE000A11Q4A0,OPTION,INDEX OPTIONS
FMSF,FUT ON MSCI EAFE ESG SCREENED,DE000A26RSD0,FUTURE,INDEX FUTURES
FMFR,FUT ON MSCI FRANCE (EUR / NTR),DE000A2BNK85,FUTURE,INDEX FUTURES
FMEG,FUT ON MSCI EUROPE GROWTH,DE000A1YDP11,FUTURE,INDEX FUTURES
FMID,FUT ON MSCI INDONESIA (USD/NR),DE000A13RD76,FUTURE,INDEX FUTURES
FMMQ,FUT ON MSCI EM Utilities,DE000A2RPLS5,FUTURE,INDEX FUTURES
FMGS,FUT ON MSCI USA (USD / GTR),DE000A2BNLH7,FUTURE,INDEX FUTURES
FMEV,FUT ON MSCI EUROPE VALUE,DE000A1YDPZ5,FUTURE,INDEX FUTURES
FMXG,FUT ON MSCI EUROPE EX UK,DE000A2RPLW7,FUTURE,INDEX FUTURES
FMJG,"FUT ON MSCI JAPAN (GTR,USD)",DE000A164H50,FUTURE,INDEX FUTURES
FMHU,FUT ON MSCI HUNGARY (NTR),DE000A1XQ6Z1,FUTURE,INDEX FUTURES
FMMR,FUT ON MSCI EM Energy,DE000A2RPLH8,FUTURE,INDEX FUTURES
FMMU,"FUT ON MSCI EMU (NTR,EUR)",DE000A164JD9,FUTURE,INDEX FUTURES
FMSU,FUT ON MSCI USA ESG SCREENED,DE000A26RH02,FUTURE,INDEX FUTURES
FMSA,FUT ON MSCI SAUDI ARABIA,DE000A2X16W8,FUTURE,INDEX FUTURES
FMOG,"FUT ON MSCI WORLD GROWTH (N,U)",DE000A2DB875,FUTURE,INDEX FUTURES
FMXB,"FUT ON MSCI LATAM X BR (N,USD)",DE000A2DB891,FUTURE,INDEX FUTURES
FMGC,FUT ON MSCI CANADA (USD / GTR),DE000A2BNLB0,FUTURE,INDEX FUTURES
FMWS,FUT ON MSCI World Cons Staples,DE000A2RPLA3,FUTURE,INDEX FUTURES
FMWW,FUT ON MSCI World Real Estate,DE000A2RPLG0,FUTURE,INDEX FUTURES
OMWB,"OPT ON MSCI WORLD (NTR, GBP)",DE000A2RPLY3,OPTION,INDEX OPTIONS
FMAC,FUT ON MSCI ACWI (USD / NTR),DE000A13REB2,FUTURE,INDEX FUTURES
FMPK,"FUT ON MSCI PAKISTAN (USD,NTR)",DE000A2DB6U2,FUTURE,INDEX FUTURES
FMPL,FUT ON MSCI POLAND (NTR),DE000A1XQ667,FUTURE,INDEX FUTURES
FMAW,FUT ON MSCI ACWI (USD / PRICE),DE000A2GG885,FUTURE,INDEX FUTURES
FMSM,FUT ON MSCI EM ESG SCREENED,DE000A26RSC2,FUTURE,INDEX FUTURES
FMMA,FUT ON MSCI MOROCCO (NTR),DE000A1XQ634,FUTURE,INDEX FUTURES
FMIG,"FUT ON MSCI EMU GROWTH (N,USD)",DE000A2DB859,FUTURE,INDEX FUTURES
FMQA,FUT ON MSCI QATAR (USD / NTR),DE000A13RD19,FUTURE,INDEX FUTURES
FMIT,FUT ON MSCI ITALY,DE000A2RPLV9,FUTURE,INDEX FUTURES
FMWD,FUT ON MSCI World C Disc,DE000A2RPK93,FUTURE,INDEX FUTURES
FMCA,FUT ON MSCI CANADA (USD / NTR),DE000A2BNLC8,FUTURE,INDEX FUTURES
FMJY,"FUT ON MSCI JAPAN (NTR,JPY)",DE000A2DB9B6,FUTURE,INDEX FUTURES
FMMD,FUT ON MSCI EM Cons. Discret.,DE000A2RPLL0,FUTURE,INDEX FUTURES
FMGM,FUT ON MSCI EMU (EUR / GTR),DE000A2BNLE4,FUTURE,INDEX FUTURES
OMEG,OPT ON MSCI EUROPE GROWTH,DE000A1YDP29,OPTION,INDEX OPTIONS
FMWN,"FUT ON MSCI WORLD (NTR, EUR)",DE000A11Q364,FUTURE,INDEX FUTURES
FMXS,"FUT ON MSCI EUROPEXCH(NTR,EUR)",DE000A164H68,FUTURE,INDEX FUTURES
FMMH,FUT ON MSCI EM Health Care,DE000A2RPLN6,FUTURE,INDEX FUTURES
FMNL,FUT ON MSCI NETHERLANDS,DE000A2GG9E2,FUTURE,INDEX FUTURES
FMEA,FUT ON MSCI EM ASIA (NTR),DE000A1XQ6R8,FUTURE,INDEX FUTURES
OMEE,OPT ON MSCI EM EMEA (NTR),DE000A1XQ7C8,OPTION,INDEX OPTIONS
FMGF,FUT ON MSCI FRANCE (EUR / GTR),DE000A2BNK77,FUTURE,INDEX FUTURES
FMSZ,FUT ON MSCI SWITZERLAND,DE000A2GG9N3,FUTURE,INDEX FUTURES
FMUV,FUT ON MSCI USA VW (USD / NTR),DE000A164JC1,FUTURE,INDEX FUTURES
FWPD,FUT ON MSCI WORLD DVP INDEX,DE000A2YZPP7,FUTURE,INDEX DIVIDEND FUTURES
FMJP,FUT ON MSCI JAPAN (NTR),DE000A1A4130,FUTURE,INDEX FUTURES
FMEF,"FUT ON MSCI EME MARK (PR, USD)",DE000A11Q331,FUTURE,INDEX FUTURES
FMDM,FUT ON MSCI DENMARK,DE000A2GG9G7,FUTURE,INDEX FUTURES
FMFA,"FUT ON MSCI EAFE (N,USD)",DE000A2DB9E0,FUTURE,INDEX FUTURES
OMEU,"OPT ON MSCI EUROPE (NTR,EUR)",DE000A1RRXH1,OPTION,INDEX OPTIONS
FMMF,FUT ON MSCI EM Financials,DE000A2RPLP1,FUTURE,INDEX FUTURES
OMFP,"OPT ON MSCI EAFE (PRICE,USD)",DE000A2DB9F7,OPTION,INDEX OPTIONS
FMWL,FUT ON MSCI World IT,DE000A2RPLD7,FUTURE,INDEX FUTURES
FMML,FUT ON MSCI EM IT,DE000A2RPLQ9,FUTURE,INDEX FUTURES
FMSJ,FUT ON MSCI JAPAN ESG SCREENED,DE000A26RSE8,FUTURE,INDEX FUTURES
FMMY,FUT ON MSCI MALAYSIA (NTR),DE000A1XQ618,FUTURE,INDEX FUTURES
FMGU,FUT ON MSCI EUROPE (USD / GTR),DE000A2BNLG9,FUTURE,INDEX FUTURES
FMCO,FUT ON MSCI COLOMBIA (NTR),DE000A1XQ6W8,FUTURE,INDEX FUTURES
FMWI,FUT ON MSCI World Industrials,DE000A2RPK85,FUTURE,INDEX FUTURES
FMWC,FUT ON MSCI World Comm. Serv.,DE000A2RPLE5,FUTURE,INDEX FUTURES
DBXA,OPT ON XTRACKERS MSCI EUROPE,LU0274209237,OPTION,EXTF-OPTIONS
OMCN,"OPT ON MSCI CHINA FREE (N,USD)",DE000A2DB9J9,OPTION,INDEX OPTIONS
FMWG,FUT ON MSCI WORLD (USD / GTR),DE000A2BNLJ3,FUTURE,INDEX FUTURES
FMFI,FUT ON MSCI FINLAND,DE000A2GG9H5,FUTURE,INDEX FUTURES
FMNZ,FUT ON MSCI NEW ZEAL. (USD/NR),DE000A13REA4,FUTURE,INDEX FUTURES
FMWB,FUT ON MSCI WORLD (GBP / NTR),DE000A2RPLX5,FUTURE,INDEX FUTURES
FMEU,"FUT ON MSCI EUROPE (NTR,EUR)",DE000A1RRXG3,FUTURE,INDEX FUTURES
FMUK,FUT ON MSCI UK (GBP / NTR),DE000A13RD50,FUTURE,INDEX FUTURES
FMNS,FUT ON MSCI N. AMERICA SMID,DE000A2GG9M5,FUTURE,INDEX FUTURES
FMAR,FUT ON MSCI Argentina,DE000A2RPLU1,FUTURE,INDEX FUTURES
FMWH,FUT ON MSCI World Health Care,DE000A2RPLB1,FUTURE,INDEX FUTURES
FMUA,FUT ON MSCI UAE (USD / NTR),DE000A13RD27,FUTURE,INDEX FUTURES
IQQY,OPT ON ISHARES CORE MSCI EUROP,IE00B1YZSC51,OPTION,EXTF-OPTIONS
FMWP,"FUT ON MSCI WORLD (PRICE, USD)",DE000A11Q356,FUTURE,INDEX FUTURES
FMEE,FUT ON MSCI EM EMEA (NTR),DE000A1XQ6S6,FUTURE,INDEX FUTURES
FMWE,FUT ON MSCI WORLD (EUR / GTR),DE000A2BNK69,FUTURE,INDEX FUTURES
FMSI,"FUT ON MSCI SINGAPORE (N,USD)",DE000A2BNLD6,FUTURE,INDEX FUTURES
FMGE,FUT ON MSCI EUROPE (EUR / GTR),DE000A2BNLF1,FUTURE,INDEX FUTURES
FMUM,FUT ON MSCI USA MM (USD / NTR),DE000A164JA5,FUTURE,INDEX FUTURES
OMAS,OPT ON MSCI ASIA-P EX JP (NTR),DE000A1RRXM1,OPTION,INDEX OPTIONS
FMNW,FUT ON MSCI NORWAY,DE000A2GG9K9,FUTURE,INDEX FUTURES
FMSE,"FUT ON MSCI AC ASEAN (NTR,USD)",DE000A2DB6S6,FUTURE,INDEX FUTURES
FMWT,FUT ON MSCI World Materials,DE000A2RPK77,FUTURE,INDEX FUTURES
FMFM,FUT ON MSCI FRONTIER M. (NTR),DE000A1RRXN9,FUTURE,INDEX FUTURES
FMEN,"FUT ON MSCI EM. MA (NTR, EUR)",DE000A11Q349,FUTURE,INDEX FUTURES
FMBE,FUT ON MSCI BELGIUM,DE000A2GG9J1,FUTURE,INDEX FUTURES
FMSP,FUT ON MSCI SPAIN,DE000A2GG9F9,FUTURE,INDEX FUTURES
FMUQ,FUT ON MSCI USA QA (USD / NTR),DE000A164JB3,FUTURE,INDEX FUTURES
FMKG,FUT ON MSCI KOKUSAI (USD/ GTR),DE000A13RD01,FUTURE,INDEX FUTURES
FMMG,"FUT ON MSCI EM GROWTH (N,USD)",DE000A2DB834,FUTURE,INDEX FUTURES
FMDK,FUT ON MSCI UK (USD / NTR),DE000A2BNK93,FUTURE,INDEX FUTURES
FFPD,FUT ON MSCI EAFE DVP INDEX,DE000A2YZPN2,FUTURE,INDEX DIVIDEND FUTURES
FMEY,FUT ON MSCI EGYPT (NTR),DE000A1XQ6Y4,FUTURE,INDEX FUTURES
FMIV,"FUT ON MSCI EMU VALUE (N,USD)",DE000A2DB842,FUTURE,INDEX FUTURES
FMWM,FUT ON MSCI WORLD MID,DE000A13RDY6,FUTURE,INDEX FUTURES
FMSC,FUT ON MSCI WORLD SMALL CAP,DE000A2GG9B8,FUTURE,INDEX FUTURES
OMEN,"OPT ON MSCI EME.M.(NTR, EUR)",DE000A11Q398,OPTION,INDEX OPTIONS
IDEM,OPT ON ISHARES MSCI EM,IE00B0M63177,OPTION,EXTF-OPTIONS
FMCG,FUT ON MSCI GCC COUNTRIES,DE000A2GG9L7,FUTURE,INDEX FUTURES
FMPX,FUT ON MSCI PAC EX JP (USD/NR),DE000A13RD43,FUTURE,INDEX FUTURES
OMWN,"OPT ON MSCI WORLD (NTR, EUR)",DE000A11Q4B8,OPTION,INDEX OPTIONS
FMMI,FUT ON MSCI EM Industrials,DE000A2RPLK2,FUTURE,INDEX FUTURES
FMEL,FUT ON MSCI EM LATIN AM. (NTR),DE000A1XQ6T4,FUTURE,INDEX FUTURES
FMEM,"FUT ON MSCI EMERG. M.(NTR,USD)",DE000A1XQ6Q0,FUTURE,INDEX FUTURES
FMMC,FUT ON MSCI EM Communic. Serv.,DE000A2RPLR7,FUTURE,INDEX FUTURES
FMFP,"FUT ON MSCI EAFE (P,USD)",DE000A2DB9D2,FUTURE,INDEX FUTURES
FMSW,FUT ON MSCI WORLD ESG SCREENED,DE000A26RSB4,FUTURE,INDEX FUTURES
FMPG,"FUT ON MSCI PACIFIC (USD,GTR)",DE000A164H43,FUTURE,INDEX FUTURES
FMED,"FUT ON MSCI EUROPE (NTR,USD)",DE000A164JE7,FUTURE,INDEX FUTURES
FMCN,FUT ON MSCI CHINA FREE (NTR),DE000A1XQ6V0,FUTURE,INDEX FUTURES
OMEA,OPT ON MSCI EM ASIA (NTR),DE000A1XQ7B0,OPTION,INDEX OPTIONS
FMAE,FUT ON MSCI ACWI (EUR / NTR),DE000A2BNLK1,FUTURE,INDEX FUTURES
FMXU,"FUT ON MSCI ACWIEXUS (USD,NTR)",DE000A164H76,FUTURE,INDEX FUTURES
FMWQ,FUT ON MSCI World Utilities,DE000A2RPLF2,FUTURE,INDEX FUTURES
FMPE,FUT ON MSCI PERU (NTR),DE000A1XQ642,FUTURE,INDEX FUTURES
FMTW,"FUT ON MSCI TAIWAN (NTR,USD)",DE000A2DB9C4,FUTURE,INDEX FUTURES
FMXT,"FUT ON MSCI EMEA EX TR (N,USD)",DE000A2DB883,FUTURE,INDEX FUTURES
FMRU,FUT ON MSCI RUSSIA (PRICE),DE000A1KQVP5,FUTURE,INDEX FUTURES
FMOV,"FUT ON MSCI WORLD VALUE (N,US)",DE000A2DB867,FUTURE,INDEX FUTURES
FMAA,"FUT ON MSCI AC ASIA (USD, NTR)",DE000A2DB6R8,FUTURE,INDEX FUTURES
FMMV,"FUT ON MSCI EM VALUE (NTR,USD)",DE000A2DB826,FUTURE,INDEX FUTURES
IWDA,OPT ON ISHARES MSCI WORLD,IE00B4L5Y983,OPTION,EXTF-OPTIONS
OMJP,"OPT ON MSCI JAPAN (NTR,USD)",DE000A2DB9H3,OPTION,INDEX OPTIONS
FMMT,FUT ON MSCI EM Materials,DE000A2RPLJ4,FUTURE,INDEX FUTURES
FMPA,FUT ON MSCI PACIFIC (USD/NTR),DE000A164JF4,FUTURE,INDEX FUTURES
FMAS,FUT ON MSCI ASIA-P EX JP (NTR),DE000A1RRXL3,FUTURE,INDEX FUTURES
FEFD,FUT ON MSCI EM DVP INDEX,DE000A2YZPM4,FUTURE,INDEX DIVIDEND FUTURES
OMEF,"OPT ON MSCI EM..M. (PR, USD)",DE000A11Q380,OPTION,INDEX OPTIONS
